30-07-19,30-07-19,P4810-A,China Wall Tile, A,16-32 size,1.44,1675,1975,China,auto,Activate
30-07-19,30-07-19,P4810-B,China Wall Tile, A,16-32 size,1.44,1675,1975,China,auto,Activate
30-07-19,30-07-19,P4810-C,China Wall Tile, A,16-32 size,1.44,1675,1975,China,auto,Activate
30-07-19,30-07-19,P4817-A,China Wall Tile, A,16-32 size,1.44,1675,1975,China,auto,Activate
30-07-19,30-07-19,P4817-B,China Wall Tile, A,16-32 size,1.44,1675,1975,China,auto,Activate
30-07-19,30-07-19,P4817-C,China Wall Tile, A,16-32 size,1.44,1675,1975,China,auto,Activate
30-07-19,30-07-19,P4811-A,China Wall Tile, A,16-32 size,1.44,1675,1975,China,auto,Activate
30-07-19,30-07-19,P4811-B,China Wall Tile, A,16-32 size,1.44,1675,1975,China,auto,Activate
30-07-19,30-07-19,P4811-C,China Wall Tile, A,16-32 size,1.44,1675,1975,China,auto,Activate
30-07-19,30-07-19,P4812-A,China Wall Tile, A,16-32 size,1.44,1675,1975,China,auto,Activate
30-07-19,30-07-19,P4812-B,China Wall Tile, A,16-32 size,1.44,1675,1975,China,auto,Activate
30-07-19,30-07-19,P4812-C,China Wall Tile, A,16-32 size,1.44,1675,1975,China,auto,Activate
30-07-19,30-07-19,Fln8505702C,Floor Tile,A,12-32 size,1.44,1775,1975,China,auto,Activate
30-07-19,30-07-19,Fln83027AE,Floor Tile,A,12-32 size,1.44,1775,1975,China,auto,Activate
30-07-19,30-07-19,Fln85063A,Floor Tile,A,12-32 size,1.44,1775,1975,China,auto,Activate
30-07-19,30-07-19,Fln8502603A,Floor Tile,A,12-32 size,1.44,1775,1975,China,auto,Activate
30-07-19,30-07-19,Fln85057,Floor Tile,A,12-32 size,1.44,1775,1975,China,auto,Activate
30-07-19,30-07-19,Fln83223AH,Floor Tile,A,12-32 size,1.44,1775,1975,China,auto,Activate
30-07-19,30-07-19,Fln85027AE,Floor Tile,A,12-32 size,1.44,1775,1975,China,auto,Activate
30-07-19,30-07-19,Fln85027A3d,Floor Tile,A,12-32 size,1.44,1775,1975,China,auto,Activate
30-07-19,30-07-19,Fln85075d1,Floor Tile,A,12-32 size,1.44,1775,1975,China,auto,Activate
30-07-19,30-07-19,Pm24038A,Time Wall Tile,A,10-16 size,1.5,700,975,Time Tell,auto,Activate
30-07-19,30-07-19,Pm24038B,Time Wall Tile,A,10-16 size,1.5,700,975,Time Tell,auto,Activate
30-07-19,30-07-19,Pm24038C,Time Wall Tile,A,10-16 size,1.5,700,975,Time Tell,auto,Activate
30-07-19,30-07-19,Pm24025A,Time Wall Tile,A,10-16 size,1.5,700,975,Time Tell,auto,Activate
30-07-19,30-07-19,Pm24025B,Time Wall Tile,A,10-16 size,1.5,700,975,Time Tell,auto,Activate
30-07-19,30-07-19,Pm24025C,Time Wall Tile,A,10-16 size,1.5,700,975,Time Tell,auto,Activate
30-07-19,30-07-19,24024A,Time Wall Tile,A,10-16 size,1.5,700,975,Time Tell,auto,Activate
30-07-19,30-07-19,24024B,Time Wall Tile,A,10-16 size,1.5,700,975,Time Tell,auto,Activate
30-07-19,30-07-19,24024C,Time Wall Tile,A,10-16 size,1.5,700,975,Time Tell,auto,Activate
30-07-19,30-07-19,24026A,Time Wall Tile,A,10-16 size,1.5,700,975,Time Tell,auto,Activate
30-07-19,30-07-19,24026B,Time Wall Tile,A,10-16 size,1.5,700,975,Time Tell,auto,Activate
30-07-19,30-07-19,24026C,Time Wall Tile,A,10-16 size,1.5,700,975,Time Tell,auto,Activate
30-07-19,30-07-19,24107A,Time Wall Tile,A,10-16 size,1.5,700,975,Time Tell,auto,Activate
30-07-19,30-07-19,24107B,Time Wall Tile,A,10-16 size,1.5,700,975,Time Tell,auto,Activate
30-07-19,30-07-19,24107C,Time Wall Tile,A,10-16 size,1.5,700,975,Time Tell,auto,Activate
30-07-19,30-07-19,2408B,China Wall Tile,A,10-16 szie,1.5,675,975,China,auto,Activate
30-07-19,30-07-19,2402B,China Wall Tile,A,10-16 szie,1.5,675,975,China,auto,Activate
30-07-19,30-07-19,2408C,China Wall Tile,A,10-16 szie,1.5,675,975,China,auto,Activate
30-07-19,30-07-19,126D,China Wall Tile,A,12-18 size,1.48,1075,1375,China,auto,Activate
30-07-19,30-07-19,126L,China Wall Tile,A,12-18 size,1.48,1075,1375,China,auto,Activate
30-07-19,30-07-19,127D,China Wall Tile,A,12-18 size,1.48,1075,1375,China,auto,Activate
30-07-19,30-07-19,45707E,China Wall Tile,A,12-18 size,1.48,1075,1375,China,auto,Activate
30-07-19,30-07-19,4204E,China Wall Tile,A,12-18 size,1.48,1075,1375,China,auto,Activate
30-07-19,30-07-19,L12D,China Wall Tile,A,12-18 size,1.48,1075,1375,China,auto,Activate
30-07-19,30-07-19,97101,China Wall Tile,A,12-18 size,1.48,1075,1375,China,auto,Activate
30-07-19,30-07-19,121D,China Wall Tile,A,12-18 size,1.48,1075,1375,China,auto,Activate
30-07-19,30-07-19,L119,China Wall Tile,A,12-18 size,1.48,1075,1375,China,auto,Activate
30-07-19,30-07-19,43194G,China Wall Tile,A,12-18 size,1.48,1075,1375,China,auto,Activate
30-07-19,30-07-19,1801,China Wall Tile,A,12-18 size,1.48,1075,1375,China,auto,Activate
30-07-19,30-07-19,4570,China Wall Tile,A,12-18 size,1.48,1075,1375,China,auto,Activate
30-07-19,30-07-19,3001B,China Wall Tile,A,12-18 size,1.48,1075,1375,China,auto,Activate
30-07-19,30-07-19,Psl20,China Wall Tile,A,12-18 size,1.48,1075,1375,China,auto,Activate
30-07-19,30-07-19,Sgl1683,China Wall Tile,A,12-18 size,1.48,1075,1375,China,auto,Activate
30-07-19,30-07-19,3060D,China Wall Tile,A,12-18 size,1.48,1075,1375,China,auto,Activate
30-07-19,30-07-19,43001B,China Wall Tile,A,12-18 size,1.48,1075,1375,China,auto,Activate
30-07-19,30-07-19,43194G,China Wall Tile,A,12-18 size,1.48,1075,1375,China,auto,Activate
30-07-19,30-07-19,45B018,China Wall Tile,A,12-18 size,1.48,1075,1375,China,auto,Activate
30-07-19,30-07-19,8494L,China Wall Tile,A,12-18 size,1.48,1075,1375,China,auto,Activate
30-07-19,30-07-19,5511,China Wall Tile,A,12-18 size,1.48,1075,1375,China,auto,Activate
30-07-19,30-07-19,204-115,Wall Tile,A,12-18 size,1.48,1075,1375,Sonex,auto,Activate
30-07-19,30-07-19,Psm249-112,Wall Tile,A,12-18 size,1.48,1075,1375,Sonex,auto,Activate
30-07-19,30-07-19,Psl227-112,Wall Tile,A,12-18 size,1.48,1075,1375,Sonex,auto,Activate
30-07-19,30-07-19,201-114,Wall Tile,A,12-18 size,1.48,1075,1375,Sonex,auto,Activate
30-07-19,30-07-19,W14,Wall Tile,A,12-18 size,1.48,1075,1375,Sonex,auto,Activate
30-07-19,30-07-19,36825B,Wall Tile,A,10 x 26 ,1.48,1575,1775,China,auto,Activate
30-07-19,30-07-19,H2508C,Wall Tile,A,10 x 26 ,1.48,1575,1775,China,auto,Activate
30-07-19,30-07-19,H2506A,Wall Tile,A,10 x 26 ,1.48,1575,1775,China,auto,Activate
30-07-19,30-07-19,36036B,Wall Tile,A,10 x 26 ,1.48,1575,1775,China,auto,Activate
30-07-19,30-07-19,RB0782A,Wall Tile,A,10 x 26 ,1.48,1575,1775,China,auto,Activate
30-07-19,30-07-19,H2513C,Wall Tile,A,10 x 26 ,1.48,1575,1775,China,auto,Activate
30-07-19,30-07-19,D26001GB,Wall Tile,A,10 x 26 ,1.48,1575,1775,China,auto,Activate
30-07-19,30-07-19,H2509C,Wall Tile,A,10 x 26 ,1.48,1575,1775,China,auto,Activate
30-07-19,30-07-19,H2510C,Wall Tile,A,10 x 26 ,1.48,1575,1775,China,auto,Activate
30-07-19,30-07-19,H215C,Wall Tile,A,10 x 26 ,1.48,1575,1775,China,auto,Activate
30-07-19,30-07-19,MRil2028-112,Wall Tile,A,10 x 26 ,1.77,1575,1775,Sonex,auto,Activate
30-07-19,30-07-19,MRil2066-115,Wall Tile,A,10 x 26 ,1.77,1575,1775,Sonex,auto,Activate
30-07-19,30-07-19,Mril2018-115,Wall Tile,A,10 x 26 ,1.77,1575,1775,Sonex,auto,Activate
30-07-19,30-07-19,Mril2063-115,Wall Tile,A,10 x 26 ,1.77,1575,1775,Sonex,auto,Activate
30-07-19,30-07-19,Rsim2030-113,Wall Tile,A,10 x 26 ,1.77,1575,1775,Sonex,auto,Activate
30-07-19,30-07-19,Mril2028-112,Wall Tile,A,10 x 26 ,1.77,1575,1775,Sonex,auto,Activate
30-07-19,30-07-19,MRil2063-115,Wall Tile,A,10 x 26 ,1.77,1575,1775,Sonex,auto,Activate
30-07-19,30-07-19,MRil208-112,Wall Tile,A,10 x 26 ,1.77,1575,1775,Sonex,auto,Activate
30-07-19,30-07-19,RSim2030-113,Wall Tile,A,10 x 26 ,1.77,1575,1775,Sonex,auto,Activate
30-07-19,30-07-19,505-D,Wall Tile,A,10 x 13,1.5,650,850,China,auto,Activate
30-07-19,30-07-19,45A402,Wall Tile,A,10 x 13,1.5,650,850,China,auto,Activate
30-07-19,30-07-19,544-D,Wall Tile,A,10 x 13,1.5,650,850,China,auto,Activate
30-07-19,30-07-19,53TBLD15,wall Tile,A,10 x 13,1.62,750,1080, Master,auto,Activate
30-07-19,30-07-19,16T-DLD67-116,wall Tile,A,10 x 13,1.62,750,1080, Master,auto,Activate
30-07-19,30-07-19,50T-DLD67,wall Tile,A,10x13,1.62,750,1080, Master,auto,Activate
30-07-19,30-07-19,Sil 52-112,Wall Tile,A,10x13,1.65,650,850,Sonex,auto,Activate
30-07-19,30-07-19,55-113,Wall Tile,A,10x13,1.65,650,850,Sonex,auto,Activate
30-07-19,30-07-19,GSD102-111,Wall Tile,A,10x13,1.65,650,850,Sonex,auto,Activate
30-07-19,30-07-19,WGM-R-82-117,Wall Tile,A,10x13,1.65,650,850,Sonex,auto,Activate
30-07-19,30-07-19,Masjid Green,Wall Tile,A,8x12,1.4,1050,1275,Style,auto,Activate
30-07-19,30-07-19,Black,Wall Tile,A,8x12,1.4,1050,1275,Style,auto,Activate
30-07-19,30-07-19,Bargandi,Wall Tile,A,8x12,1.4,1140,1375,Style,auto,Activate
30-07-19,30-07-19,Darkblue,Wall Tile,A,8x12,1.4,1190,1375,Style,auto,Activate
30-07-19,30-07-19,White,Wall Tile,A,8x12,1.4,750,1075,Style,auto,Activate
30-07-19,30-07-19,Light Blue,Wall Tile,A,8x12,1.4,1050,1275,Style,auto,Activate
30-07-19,30-07-19,Red,Wall Tile,A,8x12,1.4,1260,1575,Style,auto,Activate
30-07-19,30-07-19,Yellow,Wall Tile,A,8x12,1.4,1260,1575,Style,auto,Activate
30-07-19,30-07-19,L355156,Wall Tile,A,10x20,1.5,750,1175,Galaxy,auto,Activate
30-07-19,30-07-19,L355157,Wall Tile,A,10x20,1.5,750,1175,Galaxy,auto,Activate
30-07-19,30-07-19,L355158A,Wall Tile,A,10x20,1.5,750,1175,Galaxy,auto,Activate
30-07-19,30-07-19,L355158B,Wall Tile,A,10x20,1.5,750,1175,Galaxy,auto,Activate
30-07-19,30-07-19,L255180B,Wall Tile,A,10x20,1.5,750,1175,Galaxy,auto,Activate
30-07-19,30-07-19,L255180A,Wall Tile,A,10x20,1.5,750,1175,Galaxy,auto,Activate
30-07-19,30-07-19,L255180L,Wall Tile,A,10x20,1.5,750,1175,Galaxy,auto,Activate
30-07-19,30-07-19,L255888,Wall Tile,A,10x20,1.5,750,1175,Galaxy,auto,Activate
30-07-19,30-07-19,L2551152,Wall Tile,A,10x20,1.5,750,1175,Galaxy,auto,Activate
30-07-19,30-07-19,L256061B,Wall Tile,A,10x20,1.5,750,1175,Galaxy,auto,Activate
30-07-19,30-07-19,L25528C,Wall Tile,A,10x20,1.5,750,1175,Galaxy,auto,Activate
30-07-19,30-07-19,L255333B,Wall Tile,A,10x20,1.5,750,1175,Galaxy,auto,Activate
30-07-19,30-07-19,L255333A,Wall Tile,A,10x20,1.5,750,1175,Galaxy,auto,Activate
30-07-19,30-07-19,L189981,Wall Tile,A,10x20,1.5,750,1175,Galaxy,auto,Activate
30-07-19,30-07-19,L1801680,Wall Tile,A,10x20,1.5,750,1175,Galaxy,auto,Activate
30-07-19,30-07-19,60SF,Front Tile,A,8x20,1.5,800,1175,Master,auto,Activate
30-07-19,30-07-19,14SF,Front Tile,A,8x20,1.5,800,1175,Master,auto,Activate
30-07-19,30-07-19,62SF,Front Tile,A,8x20,1.5,800,1175,Master,auto,Activate
30-07-19,30-07-19,J3640D,Floor Tile,A,12x12,1.35,1375,1575,China,auto,Activate
30-07-19,30-07-19,J3550,Floor Tile,A,12x12,1.35,1375,1575,China,auto,Activate
30-07-19,30-07-19,L251058,Wall Tile,A,12-24 Size,1.44,800,1375,Irani,auto,Activate
30-07-19,30-07-19,E462,Wall Tile,A,12-24 Size,1.44,800,1375,Irani,auto,Activate
30-07-19,30-07-19,L251156,Wall Tile,A,12-24 Size,1.44,800,1375,Irani,auto,Activate
30-07-19,30-07-19,E489,Wall Tile,A,12-24 Size,1.44,800,1375,Irani,auto,Activate
30-07-19,30-07-19,BL30979,Wall Tile,A,12-24 Size,1.44,800,1375,Irani,auto,Activate
30-07-19,30-07-19,E451,Wall Tile,A,12-24 Size,1.44,800,1375,Irani,auto,Activate
30-07-19,30-07-19,61850,Wall Tile,A,12-24 Size,1.44,800,1375,Irani,auto,Activate
30-07-19,30-07-19,D2396,Wall Tile,A,12-24 Size,1.44,800,1375,Irani,auto,Activate
30-07-19,30-07-19,E488,Wall Tile,A,12-24 Size,1.44,800,1375,Irani,auto,Activate
30-07-19,30-07-19,E454,Wall Tile,A,12-24 Size,1.44,800,1375,Irani,auto,Activate
30-07-19,30-07-19,4TL38F5221,Candy,A,12 -32 Size,1.44,1675,1975,China,auto,Activate
30-07-19,30-07-19,38YF1901,Candy,A,12 -32 Size,1.44,1675,1975,China,auto,Activate
30-07-19,30-07-19,38YF1902,Candy,A,12 -32 Size,1.44,1675,1975,China,auto,Activate
30-07-19,30-07-19,83008B,Richard Lew,A,12-32 size,1.44,1675,1975,China,auto,Activate
30-07-19,30-07-19,8020B,Richard Lew,A,12-32 size,1.44,1675,1975,China,auto,Activate
30-07-19,30-07-19,8301A,Richard Lew,A,12-32 size,1.44,1675,1975,China,auto,Activate
30-07-19,30-07-19,83018B,Richard Lew,A,12-32 size,1.44,1675,1975,China,auto,Activate
30-07-19,30-07-19,8320A,Richard Lew,A,12-32 size,1.44,1675,1975,China,auto,Activate
30-07-19,30-07-19,8370A,Richard Lew,A,12-32 size,1.44,1675,1975,China,auto,Activate
30-07-19,30-07-19,8322A,Richard Lew,A,12-32 size,1.44,1675,1975,China,auto,Activate
30-07-19,30-07-19,8D8368A,Richard Lew,A,12-32 size,1.44,1675,1975,China,auto,Activate
30-07-19,30-07-19,P2394755,Wall Tile,A,12-24 Size,1.44,800,1375,Irani,auto,Activate
30-07-19,30-07-19,P2394,Wall Tile,A,12-24 Size,1.44,800,1375,Irani,auto,Activate
30-07-19,30-07-19,P2396,Wall Tile,A,12-24 Size,1.44,800,1375,Irani,auto,Activate
30-07-19,30-07-19,36KW2334,Wall Tile,A,12-24 Size,1.44,800,1375,Irani,auto,Activate
30-07-19,30-07-19,KB2189,Wall Tile,A,12-24 Size,1.44,800,1375,Irani,auto,Activate
30-07-19,30-07-19,173-55,Wall Tile,A,12-24 Size,1.44,800,1375,Irani,auto,Activate
30-07-19,30-07-19,107330R,Floor Tile,A,24x24 size,1.44,1050,1575,Irani,auto,Activate
30-07-19,30-07-19,103580R,Floor Tile,A,24x24 size,1.44,1050,1575,Irani,auto,Activate
30-07-19,30-07-19,203550R,Floor Tile,A,24x24 size,1.44,1050,1575,Irani,auto,Activate
30-07-19,30-07-19,101510R,Floor Tile,A,24x24 size,1.44,1050,1575,Irani,auto,Activate
30-07-19,30-07-19,103741R,Floor Tile,A,24x24 size,1.44,1050,1575,Irani,auto,Activate
30-07-19,30-07-19,W663479BB55,Floor Tile,A,24x24 size,1.44,1050,1575,Irani,auto,Activate
30-07-19,30-07-19,L2M6394,Wall Tile,A,10x16,1.44,650,850,Irani,auto,Activate
30-07-19,30-07-19,2881,Wall Tile,A,10x16,1.44,650,850,Irani,auto,Activate
30-07-19,30-07-19,55855SF,Wall Tile,A,10x20,1.5,750,1175,Irani,auto,Activate
30-07-19,30-07-19,631W465,Wall Tile,A,10x20,1.5,750,1175,Irani,auto,Activate
30-07-19,30-07-19,630W655,Wall Tile,A,10x20,1.5,750,1175,Irani,auto,Activate
30-07-19,30-07-19,H2506A,Wall Tile,A,10x30,1.5,1575,1875,China,auto,Activate
30-07-19,30-07-19,H2506C,Wall Tile,A,10x30,1.5,1575,1875,China,auto,Activate
30-07-19,30-07-19,80038,Floor Tile,A,12x12,1.35,1375,1575,China,auto,Activate
30-07-19,30-07-19,8D83006BD,Floor Tile,A,12x12,1.35,1375,1575,China,auto,Activate
30-07-19,30-07-19,8D8307D,Floor Tile,A,12x12,1.35,1375,1575,China,auto,Activate
30-07-19,30-07-19,PG601202M,Cappocino,A,24x48,1.44,1800,2100,China,auto,Activate
30-07-19,30-07-19,IC601203M,Cappocino,A,24x48,1.44,1800,2100,China,auto,Activate
30-07-19,30-07-19,OB601204M,Cappocino,A,24x48,1.44,1800,2100,China,auto,Activate
30-07-19,30-07-19,CAT601201LC,Cappocino,A,24x48,1.44,1800,2100,China,auto,Activate
30-07-19,30-07-19,STCG111-116 ,Floor  Tile,B,28x28 Size,1.47,1100,1575,Master,auto,Activate
30-07-19,30-07-19,Stcg61-108,Floor  Tile,B,28x28 Size,1.47,1100,1575,Master,auto,Activate
30-07-19,30-07-19,Stcg99-116,Floor  Tile,B,28x28 Size,1.47,1100,1575,Master,auto,Activate
30-07-19,30-07-19,Stcg01-02,Floor  Tile,B,28x28 Size,1.47,1100,1575,Master,auto,Activate
30-07-19,30-07-19,Stcg01,Floor  Tile,B,28x28 Size,1.47,1100,1575,Master,auto,Activate
30-07-19,30-07-19,Stcg71-108,Floor  Tile,B,28x28 Size,1.47,1100,1575,Master,auto,Activate
30-07-19,30-07-19,Stcg113-108,Floor  Tile,B,28x28 Size,1.47,1100,1575,Master,auto,Activate
30-07-19,30-07-19,01 Superb,Floor  Tile,B,28x28 Size,1.47,1100,1575,Master,auto,Activate
30-07-19,30-07-19,Stcg08-116,Floor  Tile,B,28x28 Size,1.47,1100,1575,Master,auto,Activate
30-07-19,30-07-19,Stcg37-108,Floor  Tile,B,28x28 Size,1.47,1100,1575,Master,auto,Activate
30-07-19,30-07-19,Stcg30-117,Floor  Tile,B,28x28 Size,1.47,1100,1575,Master,auto,Activate
30-07-19,30-07-19,Stcg34-108,Floor  Tile,B,28x28 Size,1.47,1100,1575,Master,auto,Activate
30-07-19,30-07-19,stcg04-117,Floor  Tile,B,28x28 Size,1.47,1100,1575,Master,auto,Activate
30-07-19,30-07-19,stcg124-148,Floor  Tile,B,28x28 Size,1.47,1100,1575,Master,auto,Activate
30-07-19,30-07-19,stcg68-116,Floor  Tile,B,28x28 Size,1.47,1100,1575,Master,auto,Activate
30-07-19,30-07-19,Ju4002,Cliffstone,A,16x16,1.92,1375,1575,China,auto,Activate
30-07-19,30-07-19,Ju4003,Cliffstone,A,16x16,1.92,1375,1575,China,auto,Activate
30-07-19,30-07-19,Ju4004,Cliffstone,A,16x16,1.92,1375,1575,China,auto,Activate
30-07-19,30-07-19,Ju4001,Cliffstone,A,16x16,1.92,1375,1575,China,auto,Activate
30-07-19,30-07-19,112,Floor  Tile,A,16x16,1.28,1500,2056,Master,auto,Activate
30-07-19,30-07-19,110,Floor  Tile,A,16x17,2.28,1550,2110,Master,auto,Activate
30-07-19,30-07-19,BSM512,Floor Tile,A,16x16 size,1.31,800,1075,Sonex,auto,Activate
30-07-19,30-07-19,BSM608,Floor Tile,A,16x16 size,1.31,800,1075,Sonex,auto,Activate
30-07-19,30-07-19,BSM995,Floor Tile,A,16x16 size,1.31,800,1075,Sonex,auto,Activate
30-07-19,30-07-19,MG704,Floor Tile,A,16x16 size,1.31,800,1075,Sonex,auto,Activate
30-07-19,30-07-19,BSM544,Floor Tile,A,16x16 size,1.31,800,1075,Sonex,auto,Activate
30-07-19,30-07-19,BSM993,Floor Tile,A,16x16 size,1.31,800,1075,Sonex,auto,Activate
30-07-19,30-07-19,BSM887,Floor Tile,A,16x16 size,1.31,800,1075,Sonex,auto,Activate
30-07-19,30-07-19,02MAtt,Floor Tile,A,16x16 size,1.31,800,1075,Sonex,auto,Activate
30-07-19,30-07-19,MG580,Floor Tile,A,16x16 size,1.31,800,1075,Sonex,auto,Activate
30-07-19,30-07-19,MJ6202,Floor Tile,A,24x24,1.44,1600,1875,China,auto,Activate
30-07-19,30-07-19,J68242,Floor Tile,A,24x24,1.44,1600,1875,China,auto,Activate
30-07-19,30-07-19,97-10,Floor Tile,A,24x24,1.44,1600,1875,China,auto,Activate
30-07-19,30-07-19,wp810483,Floor Tile,A,32x32,1.92,1700,1975,China,auto,Activate
30-07-19,30-07-19,kx8601,Floor Tile,A,32x32,2.92,1700,1975,China,auto,Activate
30-07-19,30-07-19,WY21093,Wooden Strip,A,8x40 Size,1,1375,1775,China,auto,Activate
30-07-19,30-07-19,MERURY,Wooden Strip,A,8x40 Size,1,1375,1775,China,auto,Activate
30-07-19,30-07-19,XP10257,Wooden Strip,A,8x40 Size,1,1375,1775,China,auto,Activate
30-07-19,30-07-19,MP1259,Wooden Strip,A,8x40 Size,1,1375,1775,China,auto,Activate
30-07-19,30-07-19,TFM1020,Wooden Strip,A,8x40 Size,1,1375,1775,China,auto,Activate
30-07-19,30-07-19,DM21,Wooden Strip,A,8x40 Size,1,1375,1775,China,auto,Activate
30-07-19,30-07-19,M1230,Wooden Strip,A,8x40 Size,1,1375,1775,China,auto,Activate
30-07-19,30-07-19,JP10204,Wooden Strip,A,8x40 Size,1,1375,1775,China,auto,Activate
30-07-19,30-07-19,12009,Wooden Strip,A,8x40 Size,1,1375,1775,China,auto,Activate
30-07-19,30-07-19,KP12002,Wooden Strip,A,8x40 Size,1,1375,1775,China,auto,Activate
30-07-19,30-07-19,36JU02A,Oreal,A,12-24 size,1.44,1575,1775,China,auto,Activate
30-07-19,30-07-19,36JU02B,Oreal,A,12-24 Size,1.44,1575,1775,China,auto,Activate
30-07-19,30-07-19,36Ju02C,Oreal,A,12-24 Size,1.44,1575,1775,China,auto,Activate
30-07-19,30-07-19,36JU01B,Oreal,A,12-24 Size,1.44,1575,1775,China,auto,Activate
30-07-19,30-07-19,36Ju01A,Oreal,A,12-24 Size,1.44,1575,1775,China,auto,Activate
30-07-19,30-07-19,36JU01C,Oreal,A,12-24 Size,1.44,1575,1775,China,auto,Activate
30-07-19,30-07-19,36Ju04A,Oreal,A,12-24 Size,1.44,1575,1775,China,auto,Activate
30-07-19,30-07-19,36JU04B,Oreal,A,12-24 Size,1.44,1575,1775,China,auto,Activate
30-07-19,30-07-19,36JU04C,Oreal,A,12-24 Size,1.44,1575,1775,China,auto,Activate
30-07-19,30-07-19,36JU06B,Oreal,A,12-24 Size,1.44,1575,1775,China,auto,Activate
30-07-19,30-07-19,36JU06C,Oreal,A,12-24 Size,1.44,1575,1775,China,auto,Activate
30-07-19,30-07-19,36Ju06A,Oreal,A,12-24 Size,1.44,1575,1775,China,auto,Activate
30-07-19,30-07-19,36JU05C,Oreal,A,12-24 Size,1.44,1575,1775,China,auto,Activate
30-07-19,30-07-19,36JU05B,Oreal,A,12-24 Size,1.44,1575,1775,China,auto,Activate
30-07-19,30-07-19,36JU05A,Oreal,A,12-24 Size,1.44,1575,1775,China,auto,Activate
30-07-19,30-07-19,36JU08B,Oreal,A,12-24 Size,1.44,1575,1775,China,auto,Activate
30-07-19,30-07-19,36JU08C,Oreal,A,12-24 Size,1.44,1575,1775,China,auto,Activate
30-07-19,30-07-19,36JU8A,Oreal,A,12-24 Size,1.44,1575,1775,China,auto,Activate
30-07-19,30-07-19,J3640B,Wall Tile,A,12x24 size,1.44,1575,1775,China,auto,Activate
30-07-19,30-07-19,J3640A,Wall Tile,A,12x24 size,1.44,1575,1775,China,auto,Activate
30-07-19,30-07-19,KW40042A,Wall Tile,A,12x24 size,1.44,1575,1775,China,auto,Activate
30-07-19,30-07-19,KHL06B,Wall Tile,A,12x24 size,1.44,1575,1775,China,auto,Activate
30-07-19,30-07-19,KHL698B,Wall Tile,A,12x24 size,1.44,1575,1775,China,auto,Activate
30-07-19,30-07-19,A007H,Wall Tile,A,12x24 size,1.44,1575,1775,China,auto,Activate
30-07-19,30-07-19,KHL5566B,Wall Tile,A,12x24 size,1.44,1575,1775,China,auto,Activate
30-07-19,30-07-19,KHL06A,Wall Tile,A,12x24 size,1.44,1575,1775,China,auto,Activate
30-07-19,30-07-19,22714A,Wall Tile,A,12x24 size,1.44,1575,1775,China,auto,Activate
30-07-19,30-07-19,053010B,Wall Tile,A,12x24 size,1.44,1575,1775,China,auto,Activate
30-07-19,30-07-19,38311B,Wall Tile,A,12x24 size,1.44,1575,1775,China,auto,Activate
30-07-19,30-07-19,KHL04B,Wall Tile,A,12x24 size,1.44,1575,1775,China,auto,Activate
30-07-19,30-07-19,MT617A,Wall Tile,A,12x24 size,1.44,1575,1775,China,auto,Activate
30-07-19,30-07-19,MT618A,Wall Tile,A,12x24 size,1.44,1575,1775,China,auto,Activate
30-07-19,30-07-19,x62518,Wall Tile,A,12x24 size,1.44,1575,1775,China,auto,Activate
30-07-19,30-07-19,MST65A,Wall Tile,A,12x24 size,1.44,1575,1775,China,auto,Activate
30-07-19,30-07-19,1080790,Galaxy ,A,12-24 size,1.44,850,1375,Irani,auto,Activate
30-07-19,30-07-19,1081000,Galaxy ,A,12-24 size,1.44,850,1375,Irani,auto,Activate
30-07-19,30-07-19,1080780,Galaxy ,A,12-24 size,1.44,850,1375,Irani,auto,Activate
30-07-19,30-07-19,108089,Galaxy ,A,12-24 size,1.44,850,1375,Irani,auto,Activate
30-07-19,30-07-19,1080900,Galaxy ,A,12-24 size,1.44,850,1375,Irani,auto,Activate
30-07-19,30-07-19,1030001,Galaxy ,A,12-24 size,1.44,850,1375,Irani,auto,Activate
30-07-19,30-07-19,1040002,Galaxy ,A,12-24 size,1.44,850,1375,Irani,auto,Activate
30-07-19,30-07-19,1081010,Galaxy ,A,12-24 size,1.44,850,1375,Irani,auto,Activate
30-07-19,30-07-19,1080860,Galaxy ,A,12-24 size,1.44,850,1375,Irani,auto,Activate
30-07-19,30-07-19,1080740,Galaxy ,A,12-24 size,1.44,850,1375,Irani,auto,Activate
30-07-19,30-07-19,1000655A,Rambow,A,12x24 size,1.44,850,1375,Irani,auto,Activate
30-07-19,30-07-19,1000659B,Rambow,A,12x24 size,1.44,850,1375,Irani,auto,Activate
30-07-19,30-07-19,1000658C,Rambow,A,12x24 size,1.44,850,1375,Irani,auto,Activate
30-07-19,30-07-19,1000722A,Rambow,A,12x24 size,1.44,850,1375,Irani,auto,Activate
30-07-19,30-07-19,1000721B,Rambow,A,12x24 size,1.44,850,1375,Irani,auto,Activate
30-07-19,30-07-19,1000720C,Rambow,A,12x24 size,1.44,850,1375,Irani,auto,Activate
30-07-19,30-07-19,100087A,Rambow,A,12x24 size,1.44,850,1375,Irani,auto,Activate
30-07-19,30-07-19,100095C,Rambow,A,12x24 size,1.44,850,1375,Irani,auto,Activate
30-07-19,30-07-19,100093B,Rambow,A,12x24 size,1.44,850,1375,Irani,auto,Activate
30-07-19,30-07-19,1000633B,Rambow,A,12x24 size,1.44,850,1375,Irani,auto,Activate
30-07-19,30-07-19,1000275C,Rambow,A,12x24 size,1.44,850,1375,Irani,auto,Activate
30-07-19,30-07-19,100636C,Rambow,A,12x24 size,1.44,850,1375,Irani,auto,Activate
30-07-19,30-07-19,1000632A,Rambow,A,12x24 size,1.44,850,1375,Irani,auto,Activate
30-07-19,30-07-19,1000719,Rambow,A,12x24 size,1.44,850,1375,Irani,auto,Activate
30-07-19,30-07-19,1010129,Rambow,A,12x24 size,1.44,850,1375,Irani,auto,Activate
30-07-19,30-07-19,51156,Rambow,A,12x24 size,1.44,850,1375,Irani,auto,Activate
30-07-19,30-07-19,E454,Rambow,A,12x24 size,1.44,850,1375,Irani,auto,Activate
30-07-19,30-07-19,1000525,Rambow,A,12x24 size,1.44,850,1375,Irani,auto,Activate
30-07-19,30-07-19,1000673,Rambow,A,12x24 size,1.44,850,1375,Irani,auto,Activate
30-07-19,30-07-19,1000631,Rambow,A,12x24 size,1.44,850,1375,Irani,auto,Activate
30-07-19,30-07-19,1000524,Rambow,A,12x24 size,1.44,850,1375,Irani,auto,Activate
30-07-19,30-07-19,usil3035-112,Wall Tile,B,12x24 size,1.62,850,1375,Sonex,auto,Activate
30-07-19,30-07-19,Blew Movite,Wall Tile,C,12x24 size,1.62,800,1275,Sonex,auto,Activate
30-07-19,30-07-19,Muim 3060-115,Wall Tile,A,12x24 size,1.62,900,1475,Sonex,auto,Activate
30-07-19,30-07-19,usil3025-112,Wall Tile,C,12x24 size,1.62,800,1275,Sonex,auto,Activate
30-07-19,30-07-19,usim83-115,Wall Tile,B,12x24 size,1.62,850,1375,Sonex,auto,Activate
30-07-19,30-07-19,usl83-115,Wall Tile,B,12x24 size,1.62,850,1375,Sonex,auto,Activate
30-07-19,30-07-19,musl86-112,Wall Tile,B,12x24 size,1.62,850,1375,Sonex,auto,Activate
30-07-19,30-07-19,musm86-112,Wall Tile,B,12x24 size,1.62,850,1375,Sonex,auto,Activate
30-07-19,30-07-19,musl88-115,Wall Tile,A,12x24 size,1.62,900,1475,Sonex,auto,Activate
30-07-19,30-07-19,usim3025-112,Wall Tile,C,12x24 size,1.62,800,1275,Sonex,auto,Activate
30-07-19,30-07-19,muil3060-115,Wall Tile,A,12x24 size,1.62,900,1475,Sonex,auto,Activate
30-07-19,30-07-19,usm-83-115,Wall Tile,C,12x24 size,1.62,800,1275,Sonex,auto,Activate
30-07-19,30-07-19,01tsmD04-136,Wall Tile,A,12x24 size,1.62,1000,1575,Master,auto,Activate
30-07-19,30-07-19,58SF-SmD-65B,Wall Tile,A,12x24 size,1.62,1000,1575,Master,auto,Activate
30-07-19,30-07-19,36t-SMD04,Wall Tile,A,12x24 size,1.62,1000,1575,Master,auto,Activate
30-07-19,30-07-19,16SF-SMD174,Wall Tile,A,12x24 size,1.62,1000,1575,Master,auto,Activate
30-07-19,30-07-19,25SF-SmD174,Wall Tile,A,12x24 size,1.62,1000,1575,Master,auto,Activate
30-07-19,30-07-19,58sF-SmD66C,Wall Tile,A,12x24 size,1.62,1000,1575,Master,auto,Activate
30-07-19,30-07-19,25sF-SMd112,Wall Tile,A,12x24 size,1.62,1000,1575,Master,auto,Activate
30-07-19,30-07-19,01sF-SmD65-158,Wall Tile,A,12x24 size,1.62,1000,1575,Master,auto,Activate
30-07-19,30-07-19,8112,ROMA,A,12x24 Size,1.62,950,1575,Pakistan Tills,auto,Activate
30-07-19,30-07-19,9012,ROMA,A,12x24 Size,1.26,950,1575,Pakistan Tills,auto,Activate
30-07-19,30-07-19,8000250,Galaxy,A,8x24 size,1.44,750,1375,Irani,auto,Activate
30-07-19,30-07-19,8000210,Galaxy,A,8x24 size,1.44,750,1375,Irani,auto,Activate
30-07-19,30-07-19,8000100,Galaxy,A,8x24 size,1.44,750,1375,Irani,auto,Activate
30-07-19,30-07-19,8000200,Galaxy,A,8x24 size,1.44,750,1375,Irani,auto,Activate
30-07-19,30-07-19,6002060A,Galaxy,A,8x24 size,1.44,750,1375,Irani,auto,Activate
30-07-19,30-07-19,6002060B,Galaxy,A,8x24 size,1.44,750,1375,Irani,auto,Activate
30-07-19,30-07-19,6002060C,Galaxy,A,8x24 size,1.44,750,1375,Irani,auto,Activate
30-07-19,30-07-19,6001090B,Galaxy,A,8x24 size,1.44,750,1375,Irani,auto,Activate
30-07-19,30-07-19,6000660C,Galaxy,A,8x24 size,1.44,750,1375,Irani,auto,Activate
30-07-19,30-07-19,6000650A,Galaxy,A,8x24 size,1.44,750,1375,Irani,auto,Activate
30-07-19,30-07-19,6004090B,Galaxy,A,8x24 size,1.44,750,1375,Irani,auto,Activate
30-07-19,30-07-19,6001060C,Galaxy,A,8x24 size,1.44,750,1375,Irani,auto,Activate
30-07-19,30-07-19,6001050A,Galaxy,A,8x24 size,1.44,750,1375,Irani,auto,Activate
30-07-19,30-07-19,6001040B,Galaxy,A,8x24 size,1.44,750,1375,Irani,auto,Activate
30-07-19,30-07-19,6001000A,Galaxy,A,8x24 size,1.44,750,1375,Irani,auto,Activate
30-07-19,30-07-19,6001010C,Galaxy,A,8x24 size,1.44,750,1375,Irani,auto,Activate
30-07-19,30-07-19,15815,Wooden Strip,A,6x32 size,1.2,1100,1575,China,auto,Activate
30-07-19,30-07-19,15810,Wooden Strip,A,6x32 size,1.2,1100,1575,China,auto,Activate
30-07-19,30-07-19,85305,Wooden Strip,A,6x32 size,1.2,1100,1575,China,auto,Activate
30-07-19,30-07-19,15807,Wooden Strip,A,6x32 size,1.2,1100,1575,China,auto,Activate
30-07-19,30-07-19,158011,Wooden Strip,A,6x32 size,1.2,1100,1575,China,auto,Activate
30-07-19,30-07-19,JU3922A,Oreal,A,12x36 size,1.62,1875,2375,China,auto,Activate
30-07-19,30-07-19,JU3922B,Oreal,A,12x36 size,1.62,1875,2375,China,auto,Activate
30-07-19,30-07-19,JU3922C,Oreal,A,12x36 size,1.62,1875,2375,China,auto,Activate
30-07-19,30-07-19,JU3929A,Oreal,A,12x36 size,1.62,1875,2375,China,auto,Activate
30-07-19,30-07-19,JU3929B,Oreal,A,12x36 size,1.62,1875,2375,China,auto,Activate
30-07-19,30-07-19,JU3929C,Oreal,A,12x36 size,1.62,1875,2375,China,auto,Activate
30-07-19,30-07-19,JU3924A,Oreal,A,12x36 size,1.62,1875,2375,China,auto,Activate
30-07-19,30-07-19,JU3924B,Oreal,A,12x36 size,1.62,1875,2375,China,auto,Activate
30-07-19,30-07-19,JU3924C,Oreal,A,12x36 size,1.62,1875,2375,China,auto,Activate
30-07-19,30-07-19,JU3912A,Oreal,A,12x36 size,1.62,1875,2375,China,auto,Activate
30-07-19,30-07-19,JU3912B,Oreal,A,12x36 size,1.62,1875,2375,China,auto,Activate
30-07-19,30-07-19,JU3912C,Oreal,A,12x36 size,1.62,1875,2375,China,auto,Activate
30-07-19,30-07-19,JU3911A,Oreal,A,12x36 size,1.62,1875,2375,China,auto,Activate
30-07-19,30-07-19,JU3911B,Oreal,A,12x36 size,1.62,1875,2375,China,auto,Activate
30-07-19,30-07-19,JU3911C,Oreal,A,12x36 size,1.62,1875,2375,China,auto,Activate
30-07-19,30-07-19,JU3914A,Oreal,A,12x36 size,1.62,1875,2375,China,auto,Activate
30-07-19,30-07-19,JU3914B,Oreal,A,12x36 size,1.62,1875,2375,China,auto,Activate
30-07-19,30-07-19,JU3914C,Oreal,A,12x36 size,1.62,1875,2375,China,auto,Activate
30-07-19,30-07-19,1000971A,Rambow,A,10x20 size,1.5,750,1275,Irani,auto,Activate
30-07-19,30-07-19,1000972B,Rambow,A,10x20 size,1.5,750,1275,Irani,auto,Activate
30-07-19,30-07-19,1000973C,Rambow,A,10x20 size,1.5,750,1275,Irani,auto,Activate
30-07-19,30-07-19,1000955A,Rambow,A,10x20 size,1.5,750,1275,Irani,auto,Activate
30-07-19,30-07-19,1000956B,Rambow,A,10x20 size,1.5,750,1275,Irani,auto,Activate
30-07-19,30-07-19,1000957C,Rambow,A,10x20 size,1.5,750,1275,Irani,auto,Activate
30-07-19,30-07-19,1000961A,Rambow,A,10x20 size,1.5,750,1275,Irani,auto,Activate
30-07-19,30-07-19,1000962C,Rambow,A,10x20 size,1.5,750,1275,Irani,auto,Activate
30-07-19,30-07-19,1000963B,Rambow,A,10x20 size,1.5,750,1275,Irani,auto,Activate
30-07-19,30-07-19,1000954A,Rambow,A,10x20 size,1.5,750,1275,Irani,auto,Activate
30-07-19,30-07-19,1000959,Rambow,A,10x20 size,1.5,750,1275,Irani,auto,Activate
30-07-19,30-07-19,9003500A,Ranbow,A,10x20 size,1.5,750,1275,Irani,auto,Activate
30-07-19,30-07-19,9003540B,Ranbow,A,10x20 size,1.5,750,1275,Irani,auto,Activate
30-07-19,30-07-19,9003510C,Ranbow,A,10x20 size,1.5,750,1275,Irani,auto,Activate
30-07-19,30-07-19,1000967,Ranbow,A,10x20 size,1.5,750,1275,Irani,auto,Activate
30-07-19,30-07-19,1000968,Ranbow,A,10x20 size,1.5,750,1275,Irani,auto,Activate
30-07-19,30-07-19,1000969,Ranbow,A,10x20 size,1.5,750,1275,Irani,auto,Activate
30-07-19,30-07-19,QSIM1167-112,Wall Tile,A,10x20 size,1.5,700,1175,Sonex,auto,Activate
30-07-19,30-07-19,QSIL1167-112,Wall Tile,A,10x20 size,1.5,700,1175,Sonex,auto,Activate
30-07-19,30-07-19,QSIL1167-112C,Wall Tile,A,10x20 size,1.5,700,1175,Sonex,auto,Activate
30-07-19,30-07-19,QSIL1148-116,Wall Tile,A,10x20 size,2.5,700,1175,Sonex,auto,Activate
30-07-19,30-07-19,QSIM1148-115,Wall Tile,A,10x20 size,1.5,700,1175,Sonex,auto,Activate
30-07-19,30-07-19,QSIM1148-115c,Wall Tile,A,10x20 size,1.5,700,1175,Sonex,auto,Activate
30-07-19,30-07-19,QSIL1151-117,Wall Tile,A,10x20 size,1.5,700,1175,Sonex,auto,Activate
30-07-19,30-07-19,QSIM1151-117,Wall Tile,A,10x20 size,1.5,700,1175,Sonex,auto,Activate
30-07-19,30-07-19,QSIM1147-115,Wall Tile,A,10x20 size,1.5,700,1175,Sonex,auto,Activate
30-07-19,30-07-19,QSIM1149-115,Wall Tile,A,10x20 size,1.5,700,1175,Sonex,auto,Activate
30-07-19,30-07-19,QSIL1106-114C,Wall Tile,A,10x20 size,1.5,700,1175,Sonex,auto,Activate
30-07-19,30-07-19,QSIL1106-114,Wall Tile,A,10x20 size,1.5,700,1175,Sonex,auto,Activate
30-07-19,30-07-19,QSIL1106-114,Wall Tile,A,10x20 size,1.5,700,1175,Sonex,auto,Activate
30-07-19,30-07-19,QSIL1010-115C,Wall Tile,A,10x20 size,1.5,700,1175,Sonex,auto,Activate
30-07-19,30-07-19,QSIL1001-113C,Wall Tile,A,10x20 size,1.5,700,1175,Sonex,auto,Activate
30-07-19,30-07-19,QSIL1014-115C,Wall Tile,A,10x20 size,1.5,700,1175,Sonex,auto,Activate
30-07-19,30-07-19,QSIL1078-115C,Wall Tile,A,10x20 size,1.5,700,1175,Sonex,auto,Activate
30-07-19,30-07-19,QSIL1007-115,Wall Tile,A,10x20 size,1.5,700,1175,Sonex,auto,Activate
30-07-19,30-07-19,MSCL1041-114,Wall Tile,A,10x20 size,1.5,700,1175,Sonex,auto,Activate
30-07-19,30-07-19,MSIM104-15,Wall Tile,A,10x20 size,1.5,700,1175,Sonex,auto,Activate
30-07-19,30-07-19,QSIL1176-114,Wall Tile,A,10x20 size,1.5,700,1175,Sonex,auto,Activate
30-07-19,30-07-19,MSIM1040-115,Wall Tile,A,10x20 size,4.5,700,1175,Sonex,auto,Activate
30-07-19,30-07-19,0015-117,Wall Tile,A,10x20 size,1.5,700,1175,Sonex,auto,Activate
30-07-19,30-07-19,qsim434-131',Wall Tile,A,10x20 size,1.5,700,1175,Sonex,auto,Activate
30-07-19,30-07-19,qsil1011-117,Wall Tile,A,10x20 size,1.5,700,1175,Sonex,auto,Activate
30-07-19,30-07-19,qsil1004-113,Wall Tile,A,10x20 size,1.5,700,1175,Sonex,auto,Activate
30-07-19,30-07-19,din1067-115,Wall Tile,A,10x20 size,1.5,700,1175,Sonex,auto,Activate
30-07-19,30-07-19,qsil106-113c,Wall Tile,A,10x20 size,1.5,700,1175,Sonex,auto,Activate
30-07-19,30-07-19,qsil1011-115,Wall Tile,A,10x20 size,1.5,700,1175,Sonex,auto,Activate
30-07-19,30-07-19,dil1048-117,Wall Tile,A,10x20 size,1.5,700,1175,Sonex,auto,Activate
30-07-19,30-07-19,qsil1011-116c,Wall Tile,A,10x20 size,1.5,700,1175,Sonex,auto,Activate
30-07-19,30-07-19,dil1088-115c,Wall Tile,A,10x20 size,1.5,700,1175,Sonex,auto,Activate
30-07-19,30-07-19,qsil1061-114,Wall Tile,A,10x20 size,1.5,700,1175,Sonex,auto,Activate
30-07-19,30-07-19,dil1106-114,Wall Tile,A,10x20 size,1.5,700,1175,Sonex,auto,Activate
30-07-19,30-07-19,qsil1015-115,Wall Tile,A,10x20 size,1.5,700,1175,Sonex,auto,Activate
30-07-19,30-07-19,qsim1011-115,Wall Tile,A,10x20 size,1.5,700,1175,Sonex,auto,Activate
30-07-19,30-07-19,msim1126-115,Wall Tile,A,10x20 size,1.5,700,1175,Sonex,auto,Activate
30-07-19,30-07-19,16-119,Wall Tile,A,10x20 size,1.5,700,1175,Sonex,auto,Activate
30-07-19,30-07-19,qsil1106-114B,Wall Tile,A,10x20 size,1.5,700,1175,Sonex,auto,Activate
30-07-19,30-07-19,qsim1004-MB,Wall Tile,A,10x20 size,1.5,700,1175,Sonex,auto,Activate
30-07-19,30-07-19,10119,Wall Tile,A,10x20 size,1.5,700,1175,Sonex,auto,Activate
30-07-19,30-07-19,22T-jsd-93,Wall Tile,A,10x28 size,1.57,950,1675,Master,auto,Activate
30-07-19,30-07-19,16t-jsd91-116,Wall Tile,A,10x28 size,1.57,950,1675,Master,auto,Activate
30-07-19,30-07-19,51t-jsd90-,Wall Tile,A,10x28 size,1.57,950,1675,Master,auto,Activate
30-07-19,30-07-19,o1t-jsd89-151,Wall Tile,A,10x28 size,1.57,950,1675,Master,auto,Activate
30-07-19,30-07-19,51T-jsD89,Wall Tile,A,10x28 size,1.57,950,1675,Master,auto,Activate
30-07-19,30-07-19,22TJsD91,Wall Tile,A,10x28 size,1.57,950,1675,Master,auto,Activate
30-07-19,30-07-19,16t-jsd04-116,Wall Tile,A,10x28 size,1.57,950,1675,Master,auto,Activate
30-07-19,30-07-19,24tjsd04,Wall Tile,A,10x28 size,1.57,950,1675,Master,auto,Activate
30-07-19,30-07-19,24tjsd05,Wall Tile,A,10x28 size,1.57,950,1675,Master,auto,Activate
30-07-19,30-07-19,010jss Plain white,Wall Tile,A,10x28 size,1.57,950,1675,Master,auto,Activate
30-07-19,30-07-19,10tjss plain black,Wall Tile,A,10x28 size,1.57,950,1675,Master,auto,Activate
30-07-19,30-07-19,29sfjsd14,Wall Tile,A,10x28 size,1.57,950,1675,Master,auto,Activate
30-07-19,30-07-19,29sfjsd15,Wall Tile,A,10x28 size,1.57,950,1675,Master,auto,Activate
30-07-19,30-07-19,jsd14,Wall Tile,A,10x28 size,1.57,950,1675,Master,auto,Activate
30-07-19,30-07-19,jsd14-117,Wall Tile,A,10x28 size,1.57,950,1675,Master,auto,Activate
30-07-19,30-07-19,5osfjsd100,Wall Tile,A,10x28 size,1.57,950,1675,Master,auto,Activate
30-07-19,30-07-19,08sf-jsd-100-108,Wall Tile,A,10x28 size,1.57,950,1675,Master,auto,Activate
30-07-19,30-07-19,jsd101,Wall Tile,A,10x28 size,1.57,950,1675,Master,auto,Activate
30-07-19,30-07-19,22sfstf4r74,Front Tile,A,8x24size,1.25,775,1375,Master,auto,Activate
30-07-19,30-07-19,22sf-stf1r47,Front Tile,A,8x24size,1.25,775,1375,Master,auto,Activate
30-07-19,30-07-19,29sf-stf1r35,Front Tile,A,8x24size,1.25,775,1375,Master,auto,Activate
30-07-19,30-07-19,14sf-stf4r19,Front Tile,A,8x24size,1.25,775,1375,Master,auto,Activate
30-07-19,30-07-19,24sf-stf1r07,Front Tile,A,8x24size,1.25,775,1375,Master,auto,Activate
30-07-19,30-07-19,22sf-stf2r15,Front Tile,A,8x24size,1.25,775,1375,Master,auto,Activate
30-07-19,30-07-19,mr0011,Floor Tile,A,16x16 size,1.48,825,1175,Forte,auto,Activate
30-07-19,30-07-19,tx002,Floor Tile,A,16x16 size,1.48,825,1175,Forte,auto,Activate
30-07-19,30-07-19,w0016,Floor Tile,A,16x16 size,1.48,825,1175,Forte,auto,Activate
30-07-19,30-07-19,w0017,Floor Tile,A,16x16 size,1.48,825,1175,Forte,auto,Activate
